Enter the city for your day trip,Enter your interests (comma-separated),Generated Itinerary,timestamp
Goa,"Chruch,Fort,Markets,Beach,Bar,Massages","Here's a suggested day trip itinerary for Goa based on your interests:

* 9:00 AM: Start the day with a visit to the **Se Cathedral** (Church) in Old Goa, a historic and iconic landmark.
* 11:00 AM: Head to **Aguada Fort**, a 17th-century Portuguese fort with stunning views of the Arabian Sea.
* 1:00 PM: Explore the **Anjuna Market** (Market) for some local shopping and lunch.
* 3:30 PM: Relax on **Baga Beach** (Beach), known for its vibrant atmosphere and water sports.
* 6:00 PM: Unwind with a drink at **Titos Bar** (Bar) in Baga, a popular spot for sunset views and live music.
* 8:00 PM: End the day with a rejuvenating **Ayurvedic Massage** at a local spa, perfect for soothing your mind and body after a day of exploration.

This itinerary provides a mix of history, culture, relaxation, and entertainment, and can be adjusted according to your preferences and time constraints. Enjoy your day trip to Goa!",2024-12-30 02:10:44.044807
Dubai,"Palm Beach,Musem,Car Expo,Water Park","Here's a suggested day trip itinerary for Dubai based on your interests:

* 9:00 AM - 10:30 AM: Visit Palm Jumeirah and enjoy the scenic views of Palm Beach
* 11:00 AM - 12:30 PM: Explore the Museum of the Future, a unique museum showcasing innovative technologies and designs
* 1:00 PM - 2:30 PM: Lunch break and visit the Dubai International Motor Show or a car expo (if scheduled)
* 3:00 PM - 6:00 PM: Spend the afternoon at Wild Wadi Water Park or another water park of your choice, enjoying thrilling rides and attractions

